X,Y,timestep_multiple,tau,d,training_start,training_length,training_size,testing_start,testing_length,testing_size,error_scale,mode,interpolation,kmeans,subset_size,epsilon,visualize_reconstruction,save_bincounts,nonempty,time,rmse,pcc
x.npy,z.npy,1,17,3,0,100000,630,110000,10000,-1,15,uniform,none,False,50,3.5,False,False,139,0.32738471031188965,11.476429821541343,0.47163306827187307
x.npy,z.npy,1,17,3,0,100000,630,110000,10000,-1,15,uniform,none,False,50,3.5,False,False,141,0.3610248565673828,10.469341423925401,0.5551014527404465
x.npy,z.npy,1,17,3,0,100000,630,110000,10000,-1,15,uniform,none,False,50,3.5,False,False,145,0.18460536003112793,11.408125779340766,0.5549883871746455
x.npy,z.npy,1,17,3,0,100000,630,110000,10000,-1,15,uniform,none,False,50,3.5,False,False,140,0.19155263900756836,11.070787982704653,0.5294482863417339
x.npy,z.npy,1,17,3,0,100000,630,110000,10000,-1,15,uniform,none,False,50,3.5,False,False,148,0.20786523818969727,10.810520584199132,0.5994345249696906
x.npy,z.npy,1,17,3,0,100000,630,110000,10000,-1,15,uniform,none,False,50,3.5,False,False,140,0.20709562301635742,11.051062515620009,0.5186101734364651
x.npy,z.npy,1,17,3,0,100000,630,110000,10000,-1,15,uniform,none,False,50,3.5,False,False,141,0.2294938564300537,10.812820816608923,0.4991556795099052
x.npy,z.npy,1,17,3,0,100000,630,110000,10000,-1,15,uniform,none,False,50,3.5,False,False,146,0.2029712200164795,10.600276798245645,0.5317759164174125
x.npy,z.npy,1,17,3,0,100000,630,110000,10000,-1,15,uniform,none,False,50,3.5,False,False,145,0.14890527725219727,11.580443235694693,0.4079744041138699
x.npy,z.npy,1,17,3,0,100000,630,110000,10000,-1,15,uniform,none,False,50,3.5,False,False,149,0.20573163032531738,10.105166938543137,0.542467287446859
x.npy,z.npy,1,17,3,0,100000,1107,110000,10000,-1,15,uniform,none,False,50,3.5,False,False,159,0.212324857711792,8.436789325718458,0.6481011697040227
x.npy,z.npy,1,17,3,0,100000,1107,110000,10000,-1,15,uniform,none,False,50,3.5,False,False,163,0.1994321346282959,9.008972799553245,0.6493833712628343
x.npy,z.npy,1,17,3,0,100000,1107,110000,10000,-1,15,uniform,none,False,50,3.5,False,False,171,0.20397162437438965,8.729189344480853,0.6734414021490608
x.npy,z.npy,1,17,3,0,100000,1107,110000,10000,-1,15,uniform,none,False,50,3.5,False,False,159,0.1751995086669922,8.089951922759447,0.6928072017169852
x.npy,z.npy,1,17,3,0,100000,1107,110000,10000,-1,15,uniform,none,False,50,3.5,False,False,162,0.196044921875,8.622808207453819,0.6498089038232183
x.npy,z.npy,1,17,3,0,100000,1107,110000,10000,-1,15,uniform,none,False,50,3.5,False,False,164,0.20625615119934082,8.443832858123546,0.637411850495262
x.npy,z.npy,1,17,3,0,100000,1107,110000,10000,-1,15,uniform,none,False,50,3.5,False,False,154,0.19804668426513672,9.10780824098093,0.6370833453860545
x.npy,z.npy,1,17,3,0,100000,1107,110000,10000,-1,15,uniform,none,False,50,3.5,False,False,162,0.17528796195983887,8.353498193217733,0.6437036718793746
x.npy,z.npy,1,17,3,0,100000,1107,110000,10000,-1,15,uniform,none,False,50,3.5,False,False,164,0.1700599193572998,8.095083921429467,0.7073889561328248
x.npy,z.npy,1,17,3,0,100000,1107,110000,10000,-1,15,uniform,none,False,50,3.5,False,False,162,0.18559932708740234,9.232457891714715,0.6095440386529054
x.npy,z.npy,1,17,3,0,100000,1944,110000,10000,-1,15,uniform,none,False,50,3.5,False,False,187,0.2074902057647705,6.845562412023248,0.7512544579519214
x.npy,z.npy,1,17,3,0,100000,1944,110000,10000,-1,15,uniform,none,False,50,3.5,False,False,169,0.21176481246948242,6.810126110378883,0.7408106978803985
x.npy,z.npy,1,17,3,0,100000,1944,110000,10000,-1,15,uniform,none,False,50,3.5,False,False,176,0.2167496681213379,6.394509754480302,0.7683911916883375
x.npy,z.npy,1,17,3,0,100000,1944,110000,10000,-1,15,uniform,none,False,50,3.5,False,False,168,0.2506601810455322,6.103098588563038,0.7854539740259433
x.npy,z.npy,1,17,3,0,100000,1944,110000,10000,-1,15,uniform,none,False,50,3.5,False,False,172,0.2192857265472412,6.424902929828425,0.7735486288859483
x.npy,z.npy,1,17,3,0,100000,1944,110000,10000,-1,15,uniform,none,False,50,3.5,False,False,177,0.18133044242858887,6.883004840233475,0.7527165448447161
x.npy,z.npy,1,17,3,0,100000,1944,110000,10000,-1,15,uniform,none,False,50,3.5,False,False,173,0.15972590446472168,6.3583052941055245,0.7702916829043772
x.npy,z.npy,1,17,3,0,100000,1944,110000,10000,-1,15,uniform,none,False,50,3.5,False,False,171,0.20411252975463867,7.753587984028442,0.6857087437217941
x.npy,z.npy,1,17,3,0,100000,1944,110000,10000,-1,15,uniform,none,False,50,3.5,False,False,186,0.18996119499206543,6.756292933161982,0.7813727940918578
x.npy,z.npy,1,17,3,0,100000,1944,110000,10000,-1,15,uniform,none,False,50,3.5,False,False,164,0.1863689422607422,6.452948038219691,0.7671386080269866
x.npy,z.npy,1,17,3,0,100000,3414,110000,10000,-1,15,uniform,none,False,50,3.5,False,False,182,0.17919707298278809,4.839090166052412,0.8540910544896003
x.npy,z.npy,1,17,3,0,100000,3414,110000,10000,-1,15,uniform,none,False,50,3.5,False,False,187,0.15784120559692383,5.417905639934681,0.8198574192941253
x.npy,z.npy,1,17,3,0,100000,3414,110000,10000,-1,15,uniform,none,False,50,3.5,False,False,175,0.17006802558898926,5.246227225369225,0.834539165805188
x.npy,z.npy,1,17,3,0,100000,3414,110000,10000,-1,15,uniform,none,False,50,3.5,False,False,184,0.19875431060791016,5.672545811124435,0.8152273881655359
x.npy,z.npy,1,17,3,0,100000,3414,110000,10000,-1,15,uniform,none,False,50,3.5,False,False,188,0.1959230899810791,5.084508467999476,0.8333067687680001
x.npy,z.npy,1,17,3,0,100000,3414,110000,10000,-1,15,uniform,none,False,50,3.5,False,False,189,0.12496376037597656,5.25671911664937,0.8333290852147657
x.npy,z.npy,1,17,3,0,100000,3414,110000,10000,-1,15,uniform,none,False,50,3.5,False,False,182,0.22448205947875977,4.759029206013301,0.8624627605033767
x.npy,z.npy,1,17,3,0,100000,3414,110000,10000,-1,15,uniform,none,False,50,3.5,False,False,179,0.18223881721496582,5.3955719249931855,0.8132533858381519
x.npy,z.npy,1,17,3,0,100000,3414,110000,10000,-1,15,uniform,none,False,50,3.5,False,False,184,0.21979427337646484,4.9952389507208,0.8641225322766474
x.npy,z.npy,1,17,3,0,100000,3414,110000,10000,-1,15,uniform,none,False,50,3.5,False,False,184,0.16897130012512207,5.658764265792804,0.8035453609315509
x.npy,z.npy,1,17,3,0,100000,5994,110000,10000,-1,15,uniform,none,False,50,3.5,False,False,189,0.1245870590209961,4.294607035393948,0.8884303920397938
x.npy,z.npy,1,17,3,0,100000,5994,110000,10000,-1,15,uniform,none,False,50,3.5,False,False,201,0.1263272762298584,4.337031685657122,0.8813309069914168
x.npy,z.npy,1,17,3,0,100000,5994,110000,10000,-1,15,uniform,none,False,50,3.5,False,False,199,0.2069079875946045,4.462642222208781,0.8747434628259515
x.npy,z.npy,1,17,3,0,100000,5994,110000,10000,-1,15,uniform,none,False,50,3.5,False,False,207,0.21348166465759277,4.1334523842858255,0.888406998779814
x.npy,z.npy,1,17,3,0,100000,5994,110000,10000,-1,15,uniform,none,False,50,3.5,False,False,193,0.23924756050109863,4.174755312416934,0.8907650309822112
x.npy,z.npy,1,17,3,0,100000,5994,110000,10000,-1,15,uniform,none,False,50,3.5,False,False,195,0.2457261085510254,4.387426607475956,0.8790707688457697
x.npy,z.npy,1,17,3,0,100000,5994,110000,10000,-1,15,uniform,none,False,50,3.5,False,False,197,0.2151963710784912,4.604495940473137,0.8700358270452913
x.npy,z.npy,1,17,3,0,100000,5994,110000,10000,-1,15,uniform,none,False,50,3.5,False,False,202,0.23043131828308105,4.465428184172314,0.8724248027457477
x.npy,z.npy,1,17,3,0,100000,5994,110000,10000,-1,15,uniform,none,False,50,3.5,False,False,197,0.22265934944152832,4.090626429802126,0.8995073956423303
x.npy,z.npy,1,17,3,0,100000,5994,110000,10000,-1,15,uniform,none,False,50,3.5,False,False,188,0.25382375717163086,4.2581252033919,0.8844229512148861
x.npy,z.npy,1,17,3,0,100000,10525,110000,10000,-1,15,uniform,none,False,50,3.5,False,False,197,0.2219381332397461,3.838595387952008,0.9017313794435184
x.npy,z.npy,1,17,3,0,100000,10525,110000,10000,-1,15,uniform,none,False,50,3.5,False,False,204,0.24891138076782227,3.3510701907635014,0.9267706140925679
x.npy,z.npy,1,17,3,0,100000,10525,110000,10000,-1,15,uniform,none,False,50,3.5,False,False,202,0.25257205963134766,3.6717613888813774,0.9142583078282636
x.npy,z.npy,1,17,3,0,100000,10525,110000,10000,-1,15,uniform,none,False,50,3.5,False,False,199,0.2637159824371338,3.5774237252552203,0.9144500386958728
x.npy,z.npy,1,17,3,0,100000,10525,110000,10000,-1,15,uniform,none,False,50,3.5,False,False,201,0.28258419036865234,3.5593228206723277,0.916338516313628
x.npy,z.npy,1,17,3,0,100000,10525,110000,10000,-1,15,uniform,none,False,50,3.5,False,False,212,0.18035435676574707,3.6707094323439606,0.9130349824511838
x.npy,z.npy,1,17,3,0,100000,10525,110000,10000,-1,15,uniform,none,False,50,3.5,False,False,201,0.16124558448791504,3.316788470597224,0.9268771330157232
x.npy,z.npy,1,17,3,0,100000,10525,110000,10000,-1,15,uniform,none,False,50,3.5,False,False,213,0.1666429042816162,3.6754078973708406,0.9105237842876943
x.npy,z.npy,1,17,3,0,100000,10525,110000,10000,-1,15,uniform,none,False,50,3.5,False,False,197,0.13992881774902344,3.9117923408409445,0.9006310689919722
x.npy,z.npy,1,17,3,0,100000,10525,110000,10000,-1,15,uniform,none,False,50,3.5,False,False,201,0.14395856857299805,3.64141497458198,0.9138860282346672
x.npy,z.npy,1,17,3,0,100000,18478,110000,10000,-1,15,uniform,none,False,50,3.5,False,False,212,0.1832118034362793,3.202481416769327,0.9318001448839559
x.npy,z.npy,1,17,3,0,100000,18478,110000,10000,-1,15,uniform,none,False,50,3.5,False,False,225,0.23105621337890625,3.263059505202793,0.9305346234323177
x.npy,z.npy,1,17,3,0,100000,18478,110000,10000,-1,15,uniform,none,False,50,3.5,False,False,234,0.23238468170166016,3.1447179037625888,0.935102012342398
x.npy,z.npy,1,17,3,0,100000,18478,110000,10000,-1,15,uniform,none,False,50,3.5,False,False,219,0.2434852123260498,3.2079213711867527,0.9316054302365502
x.npy,z.npy,1,17,3,0,100000,18478,110000,10000,-1,15,uniform,none,False,50,3.5,False,False,228,0.2080070972442627,3.1358999391417783,0.9349069604420365
x.npy,z.npy,1,17,3,0,100000,18478,110000,10000,-1,15,uniform,none,False,50,3.5,False,False,222,0.20882344245910645,3.208561862058256,0.9314591719497821
x.npy,z.npy,1,17,3,0,100000,18478,110000,10000,-1,15,uniform,none,False,50,3.5,False,False,211,0.21053314208984375,3.23361667556987,0.9306974598550104
x.npy,z.npy,1,17,3,0,100000,18478,110000,10000,-1,15,uniform,none,False,50,3.5,False,False,212,0.23144793510437012,3.3391525131208337,0.9252688030112253
x.npy,z.npy,1,17,3,0,100000,18478,110000,10000,-1,15,uniform,none,False,50,3.5,False,False,227,0.20720386505126953,3.2970328840590217,0.9284827327715794
x.npy,z.npy,1,17,3,0,100000,18478,110000,10000,-1,15,uniform,none,False,50,3.5,False,False,207,0.2085106372833252,3.180153558354722,0.9325925324726548
x.npy,z.npy,1,17,3,0,100000,32442,110000,10000,-1,15,uniform,none,False,50,3.5,False,False,227,0.2651326656341553,3.054748785957969,0.9381130756148706
x.npy,z.npy,1,17,3,0,100000,32442,110000,10000,-1,15,uniform,none,False,50,3.5,False,False,231,0.32115817070007324,2.9919911674655166,0.9407394978321859
x.npy,z.npy,1,17,3,0,100000,32442,110000,10000,-1,15,uniform,none,False,50,3.5,False,False,232,0.31257033348083496,2.9156058008327026,0.94392953856194
x.npy,z.npy,1,17,3,0,100000,32442,110000,10000,-1,15,uniform,none,False,50,3.5,False,False,231,0.26714468002319336,3.041657966833843,0.9383084948486748
x.npy,z.npy,1,17,3,0,100000,32442,110000,10000,-1,15,uniform,none,False,50,3.5,False,False,234,0.32666516304016113,3.025729165804178,0.9391876285111544
x.npy,z.npy,1,17,3,0,100000,32442,110000,10000,-1,15,uniform,none,False,50,3.5,False,False,221,0.34802794456481934,2.968199585649435,0.9414627286830382
x.npy,z.npy,1,17,3,0,100000,32442,110000,10000,-1,15,uniform,none,False,50,3.5,False,False,235,0.33097195625305176,2.883631090071929,0.9449931956881705
x.npy,z.npy,1,17,3,0,100000,32442,110000,10000,-1,15,uniform,none,False,50,3.5,False,False,226,0.2847721576690674,2.9438686685276507,0.9426074450606525
x.npy,z.npy,1,17,3,0,100000,32442,110000,10000,-1,15,uniform,none,False,50,3.5,False,False,232,0.3138589859008789,2.8595785713828925,0.9458484121066588
x.npy,z.npy,1,17,3,0,100000,32442,110000,10000,-1,15,uniform,none,False,50,3.5,False,False,221,0.291257381439209,3.020501008026216,0.9392582545672166
x.npy,z.npy,1,17,3,0,100000,56958,110000,10000,-1,15,uniform,none,False,50,3.5,False,False,239,0.40767741203308105,2.8197926047723896,0.9473022615414396
x.npy,z.npy,1,17,3,0,100000,56958,110000,10000,-1,15,uniform,none,False,50,3.5,False,False,225,0.44117116928100586,2.900020194939372,0.9441331030814546
x.npy,z.npy,1,17,3,0,100000,56958,110000,10000,-1,15,uniform,none,False,50,3.5,False,False,228,0.4436061382293701,2.8430483086267127,0.946546013765242
x.npy,z.npy,1,17,3,0,100000,56958,110000,10000,-1,15,uniform,none,False,50,3.5,False,False,231,0.39932751655578613,2.764318751434604,0.9493112657190979
x.npy,z.npy,1,17,3,0,100000,56958,110000,10000,-1,15,uniform,none,False,50,3.5,False,False,227,0.38642382621765137,2.811460525097607,0.947546130957269
x.npy,z.npy,1,17,3,0,100000,56958,110000,10000,-1,15,uniform,none,False,50,3.5,False,False,227,0.3764662742614746,2.8153268085021343,0.9474360140146836
x.npy,z.npy,1,17,3,0,100000,56958,110000,10000,-1,15,uniform,none,False,50,3.5,False,False,225,0.3809797763824463,2.864546930547852,0.9457303856705126
x.npy,z.npy,1,17,3,0,100000,56958,110000,10000,-1,15,uniform,none,False,50,3.5,False,False,224,0.3692159652709961,2.9225404637386423,0.9433564907451235
x.npy,z.npy,1,17,3,0,100000,56958,110000,10000,-1,15,uniform,none,False,50,3.5,False,False,228,0.3890244960784912,2.892841506949558,0.9443591809292177
x.npy,z.npy,1,17,3,0,100000,56958,110000,10000,-1,15,uniform,none,False,50,3.5,False,False,232,0.4005298614501953,2.8287617943576038,0.9470797039387264
x.npy,z.npy,1,17,3,0,100000,100000,110000,10000,-1,15,uniform,none,False,50,3.5,False,False,235,0.5661880970001221,2.8084560210853438,0.947642748730082
x.npy,z.npy,1,17,3,0,100000,100000,110000,10000,-1,15,uniform,none,False,50,3.5,False,False,235,0.5679821968078613,2.830600298950633,0.9469269987765739
x.npy,z.npy,1,17,3,0,100000,100000,110000,10000,-1,15,uniform,none,False,50,3.5,False,False,235,0.595940351486206,2.8041386274642033,0.9478174610942762
x.npy,z.npy,1,17,3,0,100000,100000,110000,10000,-1,15,uniform,none,False,50,3.5,False,False,235,0.6777222156524658,2.801299256821671,0.9479150593952168
x.npy,z.npy,1,17,3,0,100000,100000,110000,10000,-1,15,uniform,none,False,50,3.5,False,False,235,0.5688314437866211,2.807199570108637,0.9477019515380595
x.npy,z.npy,1,17,3,0,100000,100000,110000,10000,-1,15,uniform,none,False,50,3.5,False,False,235,0.5704820156097412,2.816526466822893,0.9473394656741634
x.npy,z.npy,1,17,3,0,100000,100000,110000,10000,-1,15,uniform,none,False,50,3.5,False,False,235,0.5858073234558105,2.8041347471638636,0.9478346210644304
x.npy,z.npy,1,17,3,0,100000,100000,110000,10000,-1,15,uniform,none,False,50,3.5,False,False,235,0.5702025890350342,2.8236563074382794,0.9471044216747366
x.npy,z.npy,1,17,3,0,100000,100000,110000,10000,-1,15,uniform,none,False,50,3.5,False,False,235,0.6544523239135742,2.8303267330963267,0.9468216537473625
x.npy,z.npy,1,17,3,0,100000,100000,110000,10000,-1,15,uniform,none,False,50,3.5,False,False,235,0.5665874481201172,2.819110148427667,0.9472305733420605
x.npy,z.npy,1,17,3,0,100000,630,110000,10000,-1,15,uniform,none,False,100,3.5,False,False,143,0.16365981101989746,10.12920146893741,0.5574913043987071
x.npy,z.npy,1,17,3,0,100000,630,110000,10000,-1,15,uniform,none,False,100,3.5,False,False,150,0.15807127952575684,10.505104729966304,0.5262584848271218
x.npy,z.npy,1,17,3,0,100000,630,110000,10000,-1,15,uniform,none,False,100,3.5,False,False,137,0.17195415496826172,10.654138559218993,0.5363828864991724
x.npy,z.npy,1,17,3,0,100000,630,110000,10000,-1,15,uniform,none,False,100,3.5,False,False,139,0.1595458984375,11.565300809579563,0.48442111262405335
x.npy,z.npy,1,17,3,0,100000,630,110000,10000,-1,15,uniform,none,False,100,3.5,False,False,142,0.15521502494812012,11.136533674286559,0.4928296331369373
x.npy,z.npy,1,17,3,0,100000,630,110000,10000,-1,15,uniform,none,False,100,3.5,False,False,144,0.12187075614929199,10.290831997405423,0.5815561586886807
x.npy,z.npy,1,17,3,0,100000,630,110000,10000,-1,15,uniform,none,False,100,3.5,False,False,138,0.16913175582885742,11.923494060426018,0.453922791229825
x.npy,z.npy,1,17,3,0,100000,630,110000,10000,-1,15,uniform,none,False,100,3.5,False,False,143,0.16642975807189941,11.57119756902492,0.4988069478119359
x.npy,z.npy,1,17,3,0,100000,630,110000,10000,-1,15,uniform,none,False,100,3.5,False,False,150,0.16659259796142578,10.55005447532895,0.6021191132380552
x.npy,z.npy,1,17,3,0,100000,630,110000,10000,-1,15,uniform,none,False,100,3.5,False,False,136,0.1642301082611084,10.25352087657652,0.6369627500902093
x.npy,z.npy,1,17,3,0,100000,1107,110000,10000,-1,15,uniform,none,False,100,3.5,False,False,160,0.15948772430419922,8.670475528169808,0.6112419432484617
x.npy,z.npy,1,17,3,0,100000,1107,110000,10000,-1,15,uniform,none,False,100,3.5,False,False,152,0.15849995613098145,9.310552338264909,0.5704072394842697
x.npy,z.npy,1,17,3,0,100000,1107,110000,10000,-1,15,uniform,none,False,100,3.5,False,False,164,0.16150116920471191,9.505725864073039,0.577183437859847
x.npy,z.npy,1,17,3,0,100000,1107,110000,10000,-1,15,uniform,none,False,100,3.5,False,False,160,0.1719682216644287,8.749096306712906,0.6381210396857542
x.npy,z.npy,1,17,3,0,100000,1107,110000,10000,-1,15,uniform,none,False,100,3.5,False,False,172,0.17328286170959473,8.88707416194853,0.6215105138791428
x.npy,z.npy,1,17,3,0,100000,1107,110000,10000,-1,15,uniform,none,False,100,3.5,False,False,160,0.15968942642211914,8.181630090614194,0.6782157042381716
x.npy,z.npy,1,17,3,0,100000,1107,110000,10000,-1,15,uniform,none,False,100,3.5,False,False,164,0.1609058380126953,8.554919765429071,0.6802921026263575
x.npy,z.npy,1,17,3,0,100000,1107,110000,10000,-1,15,uniform,none,False,100,3.5,False,False,164,0.1740283966064453,8.159956816203055,0.6718328907082949
x.npy,z.npy,1,17,3,0,100000,1107,110000,10000,-1,15,uniform,none,False,100,3.5,False,False,158,0.16554522514343262,9.22960706933789,0.6371889437229743
x.npy,z.npy,1,17,3,0,100000,1107,110000,10000,-1,15,uniform,none,False,100,3.5,False,False,165,0.16768503189086914,9.433774696633169,0.6042501857923804
x.npy,z.npy,1,17,3,0,100000,1944,110000,10000,-1,15,uniform,none,False,100,3.5,False,False,175,0.16747307777404785,6.900615176661701,0.7301291099646849
x.npy,z.npy,1,17,3,0,100000,1944,110000,10000,-1,15,uniform,none,False,100,3.5,False,False,171,0.16336274147033691,7.164397770236455,0.7273922201700043
x.npy,z.npy,1,17,3,0,100000,1944,110000,10000,-1,15,uniform,none,False,100,3.5,False,False,174,0.16535472869873047,6.984338406990679,0.7461283526400848
x.npy,z.npy,1,17,3,0,100000,1944,110000,10000,-1,15,uniform,none,False,100,3.5,False,False,180,0.16204047203063965,6.256823960909328,0.7803847266111319
x.npy,z.npy,1,17,3,0,100000,1944,110000,10000,-1,15,uniform,none,False,100,3.5,False,False,174,0.1586928367614746,6.372036592191255,0.7754508923544613
x.npy,z.npy,1,17,3,0,100000,1944,110000,10000,-1,15,uniform,none,False,100,3.5,False,False,170,0.15095186233520508,6.255286779002488,0.7908028829700114
x.npy,z.npy,1,17,3,0,100000,1944,110000,10000,-1,15,uniform,none,False,100,3.5,False,False,181,0.15067553520202637,6.633507573137085,0.7762149312291708
x.npy,z.npy,1,17,3,0,100000,1944,110000,10000,-1,15,uniform,none,False,100,3.5,False,False,176,0.15717720985412598,6.617312628228135,0.7539885516536304
x.npy,z.npy,1,17,3,0,100000,1944,110000,10000,-1,15,uniform,none,False,100,3.5,False,False,172,0.15890812873840332,6.451703563628835,0.7684221226101624
x.npy,z.npy,1,17,3,0,100000,1944,110000,10000,-1,15,uniform,none,False,100,3.5,False,False,173,0.16646504402160645,7.007352915207387,0.7340846327864724
x.npy,z.npy,1,17,3,0,100000,3414,110000,10000,-1,15,uniform,none,False,100,3.5,False,False,186,0.16938352584838867,5.485058270328167,0.8174808668328513
x.npy,z.npy,1,17,3,0,100000,3414,110000,10000,-1,15,uniform,none,False,100,3.5,False,False,179,0.17143869400024414,5.332780364444102,0.8270882690007932
x.npy,z.npy,1,17,3,0,100000,3414,110000,10000,-1,15,uniform,none,False,100,3.5,False,False,180,0.16733121871948242,6.008725651783222,0.802511365002022
x.npy,z.npy,1,17,3,0,100000,3414,110000,10000,-1,15,uniform,none,False,100,3.5,False,False,180,0.16318511962890625,5.13815347189144,0.8425552025720775
x.npy,z.npy,1,17,3,0,100000,3414,110000,10000,-1,15,uniform,none,False,100,3.5,False,False,185,0.16250133514404297,5.50963939685552,0.8184230703354405
x.npy,z.npy,1,17,3,0,100000,3414,110000,10000,-1,15,uniform,none,False,100,3.5,False,False,176,0.16129136085510254,4.751787292973895,0.8673221626290599
x.npy,z.npy,1,17,3,0,100000,3414,110000,10000,-1,15,uniform,none,False,100,3.5,False,False,182,0.1598975658416748,5.094645299747871,0.8457718955233328
x.npy,z.npy,1,17,3,0,100000,3414,110000,10000,-1,15,uniform,none,False,100,3.5,False,False,173,0.16786980628967285,5.4529059372956645,0.8125309708264137
x.npy,z.npy,1,17,3,0,100000,3414,110000,10000,-1,15,uniform,none,False,100,3.5,False,False,193,0.16925263404846191,5.410859021585139,0.8451019966226018
x.npy,z.npy,1,17,3,0,100000,3414,110000,10000,-1,15,uniform,none,False,100,3.5,False,False,181,0.1680145263671875,5.03013403028448,0.836215072868988
x.npy,z.npy,1,17,3,0,100000,5994,110000,10000,-1,15,uniform,none,False,100,3.5,False,False,189,0.181105375289917,4.30811047196584,0.8814794220817884
x.npy,z.npy,1,17,3,0,100000,5994,110000,10000,-1,15,uniform,none,False,100,3.5,False,False,193,0.1542813777923584,4.32501075069707,0.8784945639918905
x.npy,z.npy,1,17,3,0,100000,5994,110000,10000,-1,15,uniform,none,False,100,3.5,False,False,188,0.18517065048217773,4.376092957350203,0.8789574501505086
x.npy,z.npy,1,17,3,0,100000,5994,110000,10000,-1,15,uniform,none,False,100,3.5,False,False,203,0.18947863578796387,4.430357250270856,0.8763812162744464
x.npy,z.npy,1,17,3,0,100000,5994,110000,10000,-1,15,uniform,none,False,100,3.5,False,False,186,0.1827843189239502,4.131230900417729,0.8899783924499154
x.npy,z.npy,1,17,3,0,100000,5994,110000,10000,-1,15,uniform,none,False,100,3.5,False,False,195,0.18105864524841309,4.179848048359447,0.8918810295993318
x.npy,z.npy,1,17,3,0,100000,5994,110000,10000,-1,15,uniform,none,False,100,3.5,False,False,201,0.1754004955291748,4.027312378930366,0.8957813730312927
x.npy,z.npy,1,17,3,0,100000,5994,110000,10000,-1,15,uniform,none,False,100,3.5,False,False,188,0.17655134201049805,4.732622481028614,0.8592087174529751
x.npy,z.npy,1,17,3,0,100000,5994,110000,10000,-1,15,uniform,none,False,100,3.5,False,False,192,0.18828487396240234,4.232023597412812,0.8873962568139697
x.npy,z.npy,1,17,3,0,100000,5994,110000,10000,-1,15,uniform,none,False,100,3.5,False,False,202,0.18944263458251953,4.133876149550692,0.890885433803619
x.npy,z.npy,1,17,3,0,100000,10525,110000,10000,-1,15,uniform,none,False,100,3.5,False,False,194,0.21221613883972168,3.702363170713006,0.9099802695840944
x.npy,z.npy,1,17,3,0,100000,10525,110000,10000,-1,15,uniform,none,False,100,3.5,False,False,209,0.20208048820495605,3.4981684676131417,0.9200881542229549
x.npy,z.npy,1,17,3,0,100000,10525,110000,10000,-1,15,uniform,none,False,100,3.5,False,False,199,0.2058091163635254,3.7346877217995287,0.9075880894275666
x.npy,z.npy,1,17,3,0,100000,10525,110000,10000,-1,15,uniform,none,False,100,3.5,False,False,206,0.19310450553894043,4.165076483131176,0.8890963678159223
x.npy,z.npy,1,17,3,0,100000,10525,110000,10000,-1,15,uniform,none,False,100,3.5,False,False,211,0.21082568168640137,3.7291970378011783,0.9102263373605046
x.npy,z.npy,1,17,3,0,100000,10525,110000,10000,-1,15,uniform,none,False,100,3.5,False,False,201,0.19679903984069824,3.679109726390899,0.91455466196535
x.npy,z.npy,1,17,3,0,100000,10525,110000,10000,-1,15,uniform,none,False,100,3.5,False,False,200,0.1978144645690918,3.557186677908388,0.9159037758425357
x.npy,z.npy,1,17,3,0,100000,10525,110000,10000,-1,15,uniform,none,False,100,3.5,False,False,221,0.18607616424560547,3.6752757333116817,0.911428089988428
x.npy,z.npy,1,17,3,0,100000,10525,110000,10000,-1,15,uniform,none,False,100,3.5,False,False,216,0.20112085342407227,3.747356665185037,0.9112623172014148
x.npy,z.npy,1,17,3,0,100000,10525,110000,10000,-1,15,uniform,none,False,100,3.5,False,False,204,0.2103745937347412,3.8809634582938215,0.904474976222076
x.npy,z.npy,1,17,3,0,100000,18478,110000,10000,-1,15,uniform,none,False,100,3.5,False,False,218,0.2393653392791748,3.153950757016731,0.9354546805101303
x.npy,z.npy,1,17,3,0,100000,18478,110000,10000,-1,15,uniform,none,False,100,3.5,False,False,224,0.23965120315551758,3.2169195595619353,0.9331478231542234
x.npy,z.npy,1,17,3,0,100000,18478,110000,10000,-1,15,uniform,none,False,100,3.5,False,False,214,0.23864388465881348,3.284737403903744,0.9289439448033364
x.npy,z.npy,1,17,3,0,100000,18478,110000,10000,-1,15,uniform,none,False,100,3.5,False,False,210,0.23716020584106445,3.1657746436871435,0.9344591276337388
x.npy,z.npy,1,17,3,0,100000,18478,110000,10000,-1,15,uniform,none,False,100,3.5,False,False,229,0.21836256980895996,3.1169833419484783,0.935351878494465
x.npy,z.npy,1,17,3,0,100000,18478,110000,10000,-1,15,uniform,none,False,100,3.5,False,False,225,0.23340201377868652,3.276442906073293,0.9298068141863951
x.npy,z.npy,1,17,3,0,100000,18478,110000,10000,-1,15,uniform,none,False,100,3.5,False,False,211,0.23741865158081055,3.1808479031549974,0.932776850867092
x.npy,z.npy,1,17,3,0,100000,18478,110000,10000,-1,15,uniform,none,False,100,3.5,False,False,222,0.24023795127868652,3.2186810836021382,0.9311783315424333
x.npy,z.npy,1,17,3,0,100000,18478,110000,10000,-1,15,uniform,none,False,100,3.5,False,False,220,0.23635220527648926,3.0108766663681727,0.9398336938508558
x.npy,z.npy,1,17,3,0,100000,18478,110000,10000,-1,15,uniform,none,False,100,3.5,False,False,221,0.23914265632629395,3.2078230574004607,0.9326580088373807
x.npy,z.npy,1,17,3,0,100000,32442,110000,10000,-1,15,uniform,none,False,100,3.5,False,False,237,0.31039857864379883,3.0584754621691888,0.9388161129123883
x.npy,z.npy,1,17,3,0,100000,32442,110000,10000,-1,15,uniform,none,False,100,3.5,False,False,224,0.2990593910217285,2.9979778089139675,0.9407113321482664
x.npy,z.npy,1,17,3,0,100000,32442,110000,10000,-1,15,uniform,none,False,100,3.5,False,False,230,0.2887153625488281,2.9525895395618686,0.9420124580702203
x.npy,z.npy,1,17,3,0,100000,32442,110000,10000,-1,15,uniform,none,False,100,3.5,False,False,231,0.2945716381072998,2.907812425214633,0.944026167800276
x.npy,z.npy,1,17,3,0,100000,32442,110000,10000,-1,15,uniform,none,False,100,3.5,False,False,230,0.2873826026916504,2.9642240505064508,0.9415229315111486
x.npy,z.npy,1,17,3,0,100000,32442,110000,10000,-1,15,uniform,none,False,100,3.5,False,False,230,0.29053568840026855,3.0674792487874694,0.9382402431476841
x.npy,z.npy,1,17,3,0,100000,32442,110000,10000,-1,15,uniform,none,False,100,3.5,False,False,235,0.2876157760620117,2.9548428630234276,0.9420950069490176
x.npy,z.npy,1,17,3,0,100000,32442,110000,10000,-1,15,uniform,none,False,100,3.5,False,False,217,0.2943737506866455,3.102847954002918,0.9362972980107107
x.npy,z.npy,1,17,3,0,100000,32442,110000,10000,-1,15,uniform,none,False,100,3.5,False,False,234,0.32324695587158203,2.981859733051797,0.9407560622489024
x.npy,z.npy,1,17,3,0,100000,32442,110000,10000,-1,15,uniform,none,False,100,3.5,False,False,229,0.30587077140808105,2.9513707481941376,0.9425636727512874
x.npy,z.npy,1,17,3,0,100000,56958,110000,10000,-1,15,uniform,none,False,100,3.5,False,False,229,0.3918030261993408,2.899487428302799,0.9445074756225708
x.npy,z.npy,1,17,3,0,100000,56958,110000,10000,-1,15,uniform,none,False,100,3.5,False,False,235,0.4060170650482178,2.8853724741319704,0.944654259617225
x.npy,z.npy,1,17,3,0,100000,56958,110000,10000,-1,15,uniform,none,False,100,3.5,False,False,228,0.39078521728515625,2.8025284440188907,0.9478620145836182
x.npy,z.npy,1,17,3,0,100000,56958,110000,10000,-1,15,uniform,none,False,100,3.5,False,False,232,0.3923180103302002,2.775004869691721,0.9489784796572289
x.npy,z.npy,1,17,3,0,100000,56958,110000,10000,-1,15,uniform,none,False,100,3.5,False,False,227,0.3962395191192627,2.948492176328625,0.9424584294117798
x.npy,z.npy,1,17,3,0,100000,56958,110000,10000,-1,15,uniform,none,False,100,3.5,False,False,236,0.38214826583862305,2.9245329583460222,0.9431449122115024
x.npy,z.npy,1,17,3,0,100000,56958,110000,10000,-1,15,uniform,none,False,100,3.5,False,False,230,0.39760470390319824,2.9156393941745655,0.9436817892144848
x.npy,z.npy,1,17,3,0,100000,56958,110000,10000,-1,15,uniform,none,False,100,3.5,False,False,230,0.38318562507629395,2.8934067173146416,0.9445659190988709
x.npy,z.npy,1,17,3,0,100000,56958,110000,10000,-1,15,uniform,none,False,100,3.5,False,False,229,0.3890531063079834,2.8742246544818943,0.945079807889545
x.npy,z.npy,1,17,3,0,100000,56958,110000,10000,-1,15,uniform,none,False,100,3.5,False,False,235,0.43119144439697266,2.812738054565928,0.9474614136932105
x.npy,z.npy,1,17,3,0,100000,100000,110000,10000,-1,15,uniform,none,False,100,3.5,False,False,235,0.5910108089447021,2.814681659132079,0.947430202441651
x.npy,z.npy,1,17,3,0,100000,100000,110000,10000,-1,15,uniform,none,False,100,3.5,False,False,235,0.5957636833190918,2.777336282893363,0.9488261939060592
x.npy,z.npy,1,17,3,0,100000,100000,110000,10000,-1,15,uniform,none,False,100,3.5,False,False,235,0.5998189449310303,2.7810754765632724,0.9487438016917755
x.npy,z.npy,1,17,3,0,100000,100000,110000,10000,-1,15,uniform,none,False,100,3.5,False,False,235,0.6144165992736816,2.79979976923948,0.9480468176146576
x.npy,z.npy,1,17,3,0,100000,100000,110000,10000,-1,15,uniform,none,False,100,3.5,False,False,235,0.5841681957244873,2.788762780498002,0.948421708430309
x.npy,z.npy,1,17,3,0,100000,100000,110000,10000,-1,15,uniform,none,False,100,3.5,False,False,235,0.5574579238891602,2.8182555295493765,0.9473715344131763
x.npy,z.npy,1,17,3,0,100000,100000,110000,10000,-1,15,uniform,none,False,100,3.5,False,False,235,0.582432746887207,2.821805151824538,0.9471288232639242
x.npy,z.npy,1,17,3,0,100000,100000,110000,10000,-1,15,uniform,none,False,100,3.5,False,False,235,0.5790555477142334,2.8494613261719843,0.9460546692959286
x.npy,z.npy,1,17,3,0,100000,100000,110000,10000,-1,15,uniform,none,False,100,3.5,False,False,235,0.5708785057067871,2.8287039129989995,0.9469721672394991
x.npy,z.npy,1,17,3,0,100000,100000,110000,10000,-1,15,uniform,none,False,100,3.5,False,False,235,0.5923991203308105,2.8058545574455183,0.9477327823056283
x.npy,z.npy,1,17,3,0,100000,630,110000,10000,-1,15,uniform,none,False,200,3.5,False,False,146,0.15270733833312988,10.905572201911248,0.5440507693980358
x.npy,z.npy,1,17,3,0,100000,630,110000,10000,-1,15,uniform,none,False,200,3.5,False,False,142,0.1614830493927002,11.296472122720358,0.5297593644624181
x.npy,z.npy,1,17,3,0,100000,630,110000,10000,-1,15,uniform,none,False,200,3.5,False,False,149,0.1637413501739502,11.759911857240434,0.5528450404929044
x.npy,z.npy,1,17,3,0,100000,630,110000,10000,-1,15,uniform,none,False,200,3.5,False,False,137,0.15317010879516602,10.357419445933926,0.5406804906201192
x.npy,z.npy,1,17,3,0,100000,630,110000,10000,-1,15,uniform,none,False,200,3.5,False,False,145,0.14699029922485352,10.804388358102756,0.5007303793105262
x.npy,z.npy,1,17,3,0,100000,630,110000,10000,-1,15,uniform,none,False,200,3.5,False,False,151,0.13298344612121582,10.486647858304735,0.5603920137123675
x.npy,z.npy,1,17,3,0,100000,630,110000,10000,-1,15,uniform,none,False,200,3.5,False,False,150,0.12932324409484863,11.802145032373154,0.4961501364115213
x.npy,z.npy,1,17,3,0,100000,630,110000,10000,-1,15,uniform,none,False,200,3.5,False,False,143,0.14319634437561035,10.95685097267525,0.5739923942631194
x.npy,z.npy,1,17,3,0,100000,630,110000,10000,-1,15,uniform,none,False,200,3.5,False,False,137,0.159987211227417,10.879156408753119,0.5837036628181278
x.npy,z.npy,1,17,3,0,100000,630,110000,10000,-1,15,uniform,none,False,200,3.5,False,False,141,0.16055560111999512,11.493619816176217,0.5566736148291535
x.npy,z.npy,1,17,3,0,100000,1107,110000,10000,-1,15,uniform,none,False,200,3.5,False,False,157,0.16332101821899414,8.699302338321113,0.6390104524419511
x.npy,z.npy,1,17,3,0,100000,1107,110000,10000,-1,15,uniform,none,False,200,3.5,False,False,161,0.16154170036315918,8.737750823338654,0.6172082530603002
x.npy,z.npy,1,17,3,0,100000,1107,110000,10000,-1,15,uniform,none,False,200,3.5,False,False,164,0.1435840129852295,8.764606474272913,0.6401082486560147
x.npy,z.npy,1,17,3,0,100000,1107,110000,10000,-1,15,uniform,none,False,200,3.5,False,False,154,0.16953396797180176,8.823314189530437,0.6281175645230862
x.npy,z.npy,1,17,3,0,100000,1107,110000,10000,-1,15,uniform,none,False,200,3.5,False,False,158,0.1650545597076416,8.383760250274745,0.6377056775723396
x.npy,z.npy,1,17,3,0,100000,1107,110000,10000,-1,15,uniform,none,False,200,3.5,False,False,156,0.18162012100219727,7.310566503924726,0.7537873196773834
x.npy,z.npy,1,17,3,0,100000,1107,110000,10000,-1,15,uniform,none,False,200,3.5,False,False,174,0.16574478149414062,8.090708274027403,0.6970935020738691
x.npy,z.npy,1,17,3,0,100000,1107,110000,10000,-1,15,uniform,none,False,200,3.5,False,False,159,0.1660747528076172,8.766840495748616,0.6366953459079882
x.npy,z.npy,1,17,3,0,100000,1107,110000,10000,-1,15,uniform,none,False,200,3.5,False,False,156,0.16458392143249512,8.178283759111855,0.6691854322948085
x.npy,z.npy,1,17,3,0,100000,1107,110000,10000,-1,15,uniform,none,False,200,3.5,False,False,165,0.1653909683227539,7.8759735794600765,0.7116400891182237
x.npy,z.npy,1,17,3,0,100000,1944,110000,10000,-1,15,uniform,none,False,200,3.5,False,False,172,0.16226553916931152,6.381351992943607,0.7730394951596169
x.npy,z.npy,1,17,3,0,100000,1944,110000,10000,-1,15,uniform,none,False,200,3.5,False,False,175,0.2019367218017578,6.7675821323688545,0.7512981948694826
x.npy,z.npy,1,17,3,0,100000,1944,110000,10000,-1,15,uniform,none,False,200,3.5,False,False,179,0.21023917198181152,7.410447236569245,0.7021262212160287
x.npy,z.npy,1,17,3,0,100000,1944,110000,10000,-1,15,uniform,none,False,200,3.5,False,False,175,0.2068500518798828,6.749724917662889,0.7251927394832193
x.npy,z.npy,1,17,3,0,100000,1944,110000,10000,-1,15,uniform,none,False,200,3.5,False,False,169,0.2071213722229004,6.905734528673633,0.7279090550425699
x.npy,z.npy,1,17,3,0,100000,1944,110000,10000,-1,15,uniform,none,False,200,3.5,False,False,173,0.2145252227783203,7.053019064517628,0.7410614390233219
x.npy,z.npy,1,17,3,0,100000,1944,110000,10000,-1,15,uniform,none,False,200,3.5,False,False,162,0.1302478313446045,6.7069575782149915,0.7585558804912302
x.npy,z.npy,1,17,3,0,100000,1944,110000,10000,-1,15,uniform,none,False,200,3.5,False,False,169,0.12596917152404785,6.81351053472551,0.7479066470512903
x.npy,z.npy,1,17,3,0,100000,1944,110000,10000,-1,15,uniform,none,False,200,3.5,False,False,174,0.15128064155578613,6.577253870568522,0.7479109179071448
x.npy,z.npy,1,17,3,0,100000,1944,110000,10000,-1,15,uniform,none,False,200,3.5,False,False,167,0.21912312507629395,6.984688418864901,0.7476728987561299
x.npy,z.npy,1,17,3,0,100000,3414,110000,10000,-1,15,uniform,none,False,200,3.5,False,False,185,0.20670628547668457,4.961803972535877,0.8549598150419154
x.npy,z.npy,1,17,3,0,100000,3414,110000,10000,-1,15,uniform,none,False,200,3.5,False,False,177,0.16929960250854492,4.877096879819952,0.8599856889242654
x.npy,z.npy,1,17,3,0,100000,3414,110000,10000,-1,15,uniform,none,False,200,3.5,False,False,198,0.1247560977935791,5.127559989486931,0.8430273531983483
x.npy,z.npy,1,17,3,0,100000,3414,110000,10000,-1,15,uniform,none,False,200,3.5,False,False,189,0.16582775115966797,4.867919181538085,0.8540339518369856
x.npy,z.npy,1,17,3,0,100000,3414,110000,10000,-1,15,uniform,none,False,200,3.5,False,False,176,0.17635893821716309,5.359609876026335,0.8266110027454785
x.npy,z.npy,1,17,3,0,100000,3414,110000,10000,-1,15,uniform,none,False,200,3.5,False,False,197,0.1262831687927246,5.191940846185991,0.8472475941900006
x.npy,z.npy,1,17,3,0,100000,3414,110000,10000,-1,15,uniform,none,False,200,3.5,False,False,185,0.21552181243896484,5.411903675131753,0.8220914600834444
x.npy,z.npy,1,17,3,0,100000,3414,110000,10000,-1,15,uniform,none,False,200,3.5,False,False,175,0.19560551643371582,5.56357217032958,0.8250053569920512
x.npy,z.npy,1,17,3,0,100000,3414,110000,10000,-1,15,uniform,none,False,200,3.5,False,False,178,0.13140249252319336,5.080834533009449,0.8397626978287436
x.npy,z.npy,1,17,3,0,100000,3414,110000,10000,-1,15,uniform,none,False,200,3.5,False,False,183,0.13045930862426758,4.674588250063083,0.8586385422989614
x.npy,z.npy,1,17,3,0,100000,5994,110000,10000,-1,15,uniform,none,False,200,3.5,False,False,189,0.17725539207458496,4.231748378967297,0.8837197629540818
x.npy,z.npy,1,17,3,0,100000,5994,110000,10000,-1,15,uniform,none,False,200,3.5,False,False,179,0.1522376537322998,4.371282798905123,0.8739218625304215
x.npy,z.npy,1,17,3,0,100000,5994,110000,10000,-1,15,uniform,none,False,200,3.5,False,False,192,0.1489245891571045,4.436645317265354,0.8795251972736068
x.npy,z.npy,1,17,3,0,100000,5994,110000,10000,-1,15,uniform,none,False,200,3.5,False,False,204,0.16826915740966797,4.588242212378127,0.8711653491584705
x.npy,z.npy,1,17,3,0,100000,5994,110000,10000,-1,15,uniform,none,False,200,3.5,False,False,193,0.14788389205932617,4.21390990438859,0.8845410444608468
x.npy,z.npy,1,17,3,0,100000,5994,110000,10000,-1,15,uniform,none,False,200,3.5,False,False,187,0.1494312286376953,4.383126466639213,0.8770177480023595
x.npy,z.npy,1,17,3,0,100000,5994,110000,10000,-1,15,uniform,none,False,200,3.5,False,False,188,0.18892836570739746,4.195551447875395,0.8939058670681086
x.npy,z.npy,1,17,3,0,100000,5994,110000,10000,-1,15,uniform,none,False,200,3.5,False,False,197,0.16684627532958984,4.2131286100708865,0.8846842019732807
x.npy,z.npy,1,17,3,0,100000,5994,110000,10000,-1,15,uniform,none,False,200,3.5,False,False,196,0.1502058506011963,4.238490989761457,0.885263537666763
x.npy,z.npy,1,17,3,0,100000,5994,110000,10000,-1,15,uniform,none,False,200,3.5,False,False,189,0.15235495567321777,4.619236558445563,0.8652918594231958
x.npy,z.npy,1,17,3,0,100000,10525,110000,10000,-1,15,uniform,none,False,200,3.5,False,False,218,0.16370534896850586,3.721950364706092,0.9121857655376305
x.npy,z.npy,1,17,3,0,100000,10525,110000,10000,-1,15,uniform,none,False,200,3.5,False,False,219,0.16701626777648926,3.6441273214294636,0.9150454537974495
x.npy,z.npy,1,17,3,0,100000,10525,110000,10000,-1,15,uniform,none,False,200,3.5,False,False,203,0.17567825317382812,3.632150181184092,0.9125701831635171
x.npy,z.npy,1,17,3,0,100000,10525,110000,10000,-1,15,uniform,none,False,200,3.5,False,False,208,0.2547585964202881,3.7698964167742672,0.9093483187767419
x.npy,z.npy,1,17,3,0,100000,10525,110000,10000,-1,15,uniform,none,False,200,3.5,False,False,212,0.2944045066833496,3.642644316237072,0.9139045054622087
x.npy,z.npy,1,17,3,0,100000,10525,110000,10000,-1,15,uniform,none,False,200,3.5,False,False,219,0.2394089698791504,3.9778945849566494,0.8969033925935409
x.npy,z.npy,1,17,3,0,100000,10525,110000,10000,-1,15,uniform,none,False,200,3.5,False,False,203,0.24515843391418457,3.44632651817883,0.9233695037098186
x.npy,z.npy,1,17,3,0,100000,10525,110000,10000,-1,15,uniform,none,False,200,3.5,False,False,204,0.2794663906097412,3.851904560115356,0.9038988619991215
x.npy,z.npy,1,17,3,0,100000,10525,110000,10000,-1,15,uniform,none,False,200,3.5,False,False,208,0.27578258514404297,3.7345520464844144,0.9087834964157874
x.npy,z.npy,1,17,3,0,100000,10525,110000,10000,-1,15,uniform,none,False,200,3.5,False,False,204,0.41619277000427246,3.7289700688740655,0.909247272916761
x.npy,z.npy,1,17,3,0,100000,18478,110000,10000,-1,15,uniform,none,False,200,3.5,False,False,230,0.32715940475463867,3.2369632807059965,0.930072916712855
x.npy,z.npy,1,17,3,0,100000,18478,110000,10000,-1,15,uniform,none,False,200,3.5,False,False,219,0.28917646408081055,3.1029998786000874,0.9360509576525791
x.npy,z.npy,1,17,3,0,100000,18478,110000,10000,-1,15,uniform,none,False,200,3.5,False,False,221,0.25432443618774414,3.415273062909854,0.9229985041456917
x.npy,z.npy,1,17,3,0,100000,18478,110000,10000,-1,15,uniform,none,False,200,3.5,False,False,212,0.25692152976989746,3.214824022785037,0.9317211541027358
x.npy,z.npy,1,17,3,0,100000,18478,110000,10000,-1,15,uniform,none,False,200,3.5,False,False,205,0.24304699897766113,3.28185761464829,0.9291581519148778
x.npy,z.npy,1,17,3,0,100000,18478,110000,10000,-1,15,uniform,none,False,200,3.5,False,False,231,0.325162410736084,3.1263740149358874,0.9350040857867219
x.npy,z.npy,1,17,3,0,100000,18478,110000,10000,-1,15,uniform,none,False,200,3.5,False,False,230,0.2876250743865967,3.0884901734601793,0.9374359176389604
x.npy,z.npy,1,17,3,0,100000,18478,110000,10000,-1,15,uniform,none,False,200,3.5,False,False,224,0.29955530166625977,3.2410351676159754,0.9300990393026494
x.npy,z.npy,1,17,3,0,100000,18478,110000,10000,-1,15,uniform,none,False,200,3.5,False,False,218,0.24818181991577148,3.261670270441732,0.9309016155087866
x.npy,z.npy,1,17,3,0,100000,18478,110000,10000,-1,15,uniform,none,False,200,3.5,False,False,222,0.23219776153564453,3.1880745035666647,0.9328072407023278
x.npy,z.npy,1,17,3,0,100000,32442,110000,10000,-1,15,uniform,none,False,200,3.5,False,False,219,0.30730175971984863,3.061860419802544,0.9381435232127022
x.npy,z.npy,1,17,3,0,100000,32442,110000,10000,-1,15,uniform,none,False,200,3.5,False,False,230,0.3008430004119873,2.868889037067365,0.9455747322782881
x.npy,z.npy,1,17,3,0,100000,32442,110000,10000,-1,15,uniform,none,False,200,3.5,False,False,229,0.3186960220336914,2.9268106157895306,0.9431081377031159
x.npy,z.npy,1,17,3,0,100000,32442,110000,10000,-1,15,uniform,none,False,200,3.5,False,False,230,0.35913896560668945,3.0338914610340484,0.9395031092283759
x.npy,z.npy,1,17,3,0,100000,32442,110000,10000,-1,15,uniform,none,False,200,3.5,False,False,218,0.2926781177520752,3.022755868116148,0.9394443793541949
x.npy,z.npy,1,17,3,0,100000,32442,110000,10000,-1,15,uniform,none,False,200,3.5,False,False,229,0.2652096748352051,3.0641678160052956,0.9376370949975588
x.npy,z.npy,1,17,3,0,100000,32442,110000,10000,-1,15,uniform,none,False,200,3.5,False,False,227,0.25799989700317383,2.9218267969007865,0.9432950649063883
x.npy,z.npy,1,17,3,0,100000,32442,110000,10000,-1,15,uniform,none,False,200,3.5,False,False,231,0.4451291561126709,2.9506929550513084,0.9420716992562517
x.npy,z.npy,1,17,3,0,100000,32442,110000,10000,-1,15,uniform,none,False,200,3.5,False,False,225,0.43766212463378906,3.0023026898321614,0.9399939546649235
x.npy,z.npy,1,17,3,0,100000,32442,110000,10000,-1,15,uniform,none,False,200,3.5,False,False,225,0.4107651710510254,3.00872036519467,0.9401147327206901
x.npy,z.npy,1,17,3,0,100000,56958,110000,10000,-1,15,uniform,none,False,200,3.5,False,False,231,0.5175111293792725,2.863361272282686,0.9456217953751265
x.npy,z.npy,1,17,3,0,100000,56958,110000,10000,-1,15,uniform,none,False,200,3.5,False,False,237,0.4296762943267822,2.8125348032530466,0.9477292185779865
x.npy,z.npy,1,17,3,0,100000,56958,110000,10000,-1,15,uniform,none,False,200,3.5,False,False,232,0.43456435203552246,2.8911234531198353,0.9444329024941296
x.npy,z.npy,1,17,3,0,100000,56958,110000,10000,-1,15,uniform,none,False,200,3.5,False,False,236,0.5268816947937012,2.971174621889339,0.9415998288786738
x.npy,z.npy,1,17,3,0,100000,56958,110000,10000,-1,15,uniform,none,False,200,3.5,False,False,236,0.38405752182006836,2.83768303471363,0.9466295624422982
x.npy,z.npy,1,17,3,0,100000,56958,110000,10000,-1,15,uniform,none,False,200,3.5,False,False,234,0.5126128196716309,2.8438412992757613,0.946426330710068
x.npy,z.npy,1,17,3,0,100000,56958,110000,10000,-1,15,uniform,none,False,200,3.5,False,False,226,0.4451754093170166,2.8866008329021917,0.9447461560639604
x.npy,z.npy,1,17,3,0,100000,56958,110000,10000,-1,15,uniform,none,False,200,3.5,False,False,237,0.46677207946777344,2.7940721611871804,0.9483368178746361
x.npy,z.npy,1,17,3,0,100000,56958,110000,10000,-1,15,uniform,none,False,200,3.5,False,False,229,0.39626431465148926,2.918122047268052,0.9433329261630637
x.npy,z.npy,1,17,3,0,100000,56958,110000,10000,-1,15,uniform,none,False,200,3.5,False,False,229,0.38454151153564453,2.8853686062420647,0.9446376971178629
x.npy,z.npy,1,17,3,0,100000,100000,110000,10000,-1,15,uniform,none,False,200,3.5,False,False,235,0.5566811561584473,2.8026211192356913,0.9478589342988617
x.npy,z.npy,1,17,3,0,100000,100000,110000,10000,-1,15,uniform,none,False,200,3.5,False,False,235,0.5340783596038818,2.7914182921936717,0.9483086823961191
x.npy,z.npy,1,17,3,0,100000,100000,110000,10000,-1,15,uniform,none,False,200,3.5,False,False,235,0.5130915641784668,2.8279689264296324,0.94687747148768
x.npy,z.npy,1,17,3,0,100000,100000,110000,10000,-1,15,uniform,none,False,200,3.5,False,False,235,0.5332744121551514,2.7955534073632187,0.9481210850581073
x.npy,z.npy,1,17,3,0,100000,100000,110000,10000,-1,15,uniform,none,False,200,3.5,False,False,235,0.6534640789031982,2.800365811074799,0.9479474129735603
x.npy,z.npy,1,17,3,0,100000,100000,110000,10000,-1,15,uniform,none,False,200,3.5,False,False,235,0.5384411811828613,2.8060442997627613,0.9478086544095212
x.npy,z.npy,1,17,3,0,100000,100000,110000,10000,-1,15,uniform,none,False,200,3.5,False,False,235,0.5526854991912842,2.794175426199981,0.9481723514802542
x.npy,z.npy,1,17,3,0,100000,100000,110000,10000,-1,15,uniform,none,False,200,3.5,False,False,235,0.6277601718902588,2.811087907192959,0.947557091033191
x.npy,z.npy,1,17,3,0,100000,100000,110000,10000,-1,15,uniform,none,False,200,3.5,False,False,235,0.5632176399230957,2.8065875062283454,0.9478085939089207
x.npy,z.npy,1,17,3,0,100000,100000,110000,10000,-1,15,uniform,none,False,200,3.5,False,False,235,0.6261880397796631,2.7962957090996445,0.9481537498797696
x.npy,z.npy,1,17,3,0,100000,630,110000,10000,-1,15,uniform,none,False,400,3.5,False,False,150,0.18692994117736816,11.799838596544356,0.5271114074690795
x.npy,z.npy,1,17,3,0,100000,630,110000,10000,-1,15,uniform,none,False,400,3.5,False,False,155,0.17241477966308594,9.499685210266426,0.6575029671596588
x.npy,z.npy,1,17,3,0,100000,630,110000,10000,-1,15,uniform,none,False,400,3.5,False,False,142,0.13111186027526855,11.828996347865559,0.5454422348513148
x.npy,z.npy,1,17,3,0,100000,630,110000,10000,-1,15,uniform,none,False,400,3.5,False,False,141,0.1430056095123291,11.70117970733494,0.45491655203838854
x.npy,z.npy,1,17,3,0,100000,630,110000,10000,-1,15,uniform,none,False,400,3.5,False,False,145,0.19417953491210938,11.726716031401871,0.499040247156784
x.npy,z.npy,1,17,3,0,100000,630,110000,10000,-1,15,uniform,none,False,400,3.5,False,False,152,0.15117144584655762,10.43227437185997,0.6265812049731977
x.npy,z.npy,1,17,3,0,100000,630,110000,10000,-1,15,uniform,none,False,400,3.5,False,False,145,0.12394857406616211,11.478890490738847,0.46141178113681486
x.npy,z.npy,1,17,3,0,100000,630,110000,10000,-1,15,uniform,none,False,400,3.5,False,False,149,0.12648916244506836,11.869239111593226,0.5320400960984359
x.npy,z.npy,1,17,3,0,100000,630,110000,10000,-1,15,uniform,none,False,400,3.5,False,False,146,0.1233663558959961,11.18983762555387,0.5489754785259953
x.npy,z.npy,1,17,3,0,100000,630,110000,10000,-1,15,uniform,none,False,400,3.5,False,False,146,0.12529802322387695,11.873989171860828,0.5523000478756337
x.npy,z.npy,1,17,3,0,100000,1107,110000,10000,-1,15,uniform,none,False,400,3.5,False,False,169,0.12272357940673828,8.459396858873557,0.625654077019939
x.npy,z.npy,1,17,3,0,100000,1107,110000,10000,-1,15,uniform,none,False,400,3.5,False,False,164,0.13057613372802734,9.078721470319868,0.6075445158314424
x.npy,z.npy,1,17,3,0,100000,1107,110000,10000,-1,15,uniform,none,False,400,3.5,False,False,166,0.12885785102844238,8.584205798212784,0.675827247835812
x.npy,z.npy,1,17,3,0,100000,1107,110000,10000,-1,15,uniform,none,False,400,3.5,False,False,169,0.1581103801727295,8.63060844667854,0.6266075817784267
x.npy,z.npy,1,17,3,0,100000,1107,110000,10000,-1,15,uniform,none,False,400,3.5,False,False,167,0.2080085277557373,8.038311820381107,0.6851889325597562
x.npy,z.npy,1,17,3,0,100000,1107,110000,10000,-1,15,uniform,none,False,400,3.5,False,False,170,0.1861741542816162,8.442209360308047,0.6492287833992472
x.npy,z.npy,1,17,3,0,100000,1107,110000,10000,-1,15,uniform,none,False,400,3.5,False,False,165,0.14896583557128906,8.003528576311222,0.6953944545596522
x.npy,z.npy,1,17,3,0,100000,1107,110000,10000,-1,15,uniform,none,False,400,3.5,False,False,150,0.11788463592529297,10.173343081351335,0.5953927492297149
x.npy,z.npy,1,17,3,0,100000,1107,110000,10000,-1,15,uniform,none,False,400,3.5,False,False,163,0.1275317668914795,8.546548555521998,0.6488279915423611
x.npy,z.npy,1,17,3,0,100000,1107,110000,10000,-1,15,uniform,none,False,400,3.5,False,False,164,0.15265440940856934,8.544001760601597,0.6261762318551124
x.npy,z.npy,1,17,3,0,100000,1944,110000,10000,-1,15,uniform,none,False,400,3.5,False,False,167,0.2182769775390625,6.416010207779622,0.7612704010085439
x.npy,z.npy,1,17,3,0,100000,1944,110000,10000,-1,15,uniform,none,False,400,3.5,False,False,178,0.20906805992126465,7.098541586220771,0.7340995957688188
x.npy,z.npy,1,17,3,0,100000,1944,110000,10000,-1,15,uniform,none,False,400,3.5,False,False,171,0.15988731384277344,6.319388551265162,0.7707587527655744
x.npy,z.npy,1,17,3,0,100000,1944,110000,10000,-1,15,uniform,none,False,400,3.5,False,False,176,0.12345576286315918,6.3383295947115075,0.767725056073341
x.npy,z.npy,1,17,3,0,100000,1944,110000,10000,-1,15,uniform,none,False,400,3.5,False,False,172,0.12346267700195312,6.783962647452442,0.7659976635817604
x.npy,z.npy,1,17,3,0,100000,1944,110000,10000,-1,15,uniform,none,False,400,3.5,False,False,175,0.13376593589782715,6.6293330554471845,0.7642946277240846
x.npy,z.npy,1,17,3,0,100000,1944,110000,10000,-1,15,uniform,none,False,400,3.5,False,False,172,0.1642017364501953,7.159851751722058,0.706367213871691
x.npy,z.npy,1,17,3,0,100000,1944,110000,10000,-1,15,uniform,none,False,400,3.5,False,False,176,0.12104988098144531,6.294872744022723,0.7810533047539658
x.npy,z.npy,1,17,3,0,100000,1944,110000,10000,-1,15,uniform,none,False,400,3.5,False,False,176,0.1380321979522705,6.5836875916428985,0.7590907125994522
x.npy,z.npy,1,17,3,0,100000,1944,110000,10000,-1,15,uniform,none,False,400,3.5,False,False,183,0.1751847267150879,6.89949194637682,0.7403463261334696
x.npy,z.npy,1,17,3,0,100000,3414,110000,10000,-1,15,uniform,none,False,400,3.5,False,False,185,0.22373127937316895,4.95143141598508,0.8360257659552459
x.npy,z.npy,1,17,3,0,100000,3414,110000,10000,-1,15,uniform,none,False,400,3.5,False,False,184,0.20659995079040527,5.144948262761299,0.8497784020258781
x.npy,z.npy,1,17,3,0,100000,3414,110000,10000,-1,15,uniform,none,False,400,3.5,False,False,183,0.14374256134033203,5.404894659906126,0.8273864998946092
x.npy,z.npy,1,17,3,0,100000,3414,110000,10000,-1,15,uniform,none,False,400,3.5,False,False,183,0.14168429374694824,4.939621321929691,0.8544831682389938
x.npy,z.npy,1,17,3,0,100000,3414,110000,10000,-1,15,uniform,none,False,400,3.5,False,False,188,0.18004155158996582,5.10685413187065,0.8420993440891277
x.npy,z.npy,1,17,3,0,100000,3414,110000,10000,-1,15,uniform,none,False,400,3.5,False,False,184,0.26409101486206055,5.648752922259567,0.7916806957329627
x.npy,z.npy,1,17,3,0,100000,3414,110000,10000,-1,15,uniform,none,False,400,3.5,False,False,182,0.20477890968322754,5.001686714686476,0.8482043333170073
x.npy,z.npy,1,17,3,0,100000,3414,110000,10000,-1,15,uniform,none,False,400,3.5,False,False,189,0.275540828704834,4.7482409455781935,0.8636584568717294
x.npy,z.npy,1,17,3,0,100000,3414,110000,10000,-1,15,uniform,none,False,400,3.5,False,False,187,0.312237024307251,5.050914632622609,0.8321221272624133
x.npy,z.npy,1,17,3,0,100000,3414,110000,10000,-1,15,uniform,none,False,400,3.5,False,False,179,0.32106804847717285,4.785623118151842,0.8605608709196895
x.npy,z.npy,1,17,3,0,100000,5994,110000,10000,-1,15,uniform,none,False,400,3.5,False,False,190,0.3605988025665283,4.516839448510261,0.8715223079013189
x.npy,z.npy,1,17,3,0,100000,5994,110000,10000,-1,15,uniform,none,False,400,3.5,False,False,185,0.35271453857421875,4.128956768092766,0.895107059982952
x.npy,z.npy,1,17,3,0,100000,5994,110000,10000,-1,15,uniform,none,False,400,3.5,False,False,203,0.26426124572753906,4.27963292883653,0.8820254761194545
x.npy,z.npy,1,17,3,0,100000,5994,110000,10000,-1,15,uniform,none,False,400,3.5,False,False,194,0.1879570484161377,4.2192302020905235,0.8885532995320387
x.npy,z.npy,1,17,3,0,100000,5994,110000,10000,-1,15,uniform,none,False,400,3.5,False,False,186,0.2094428539276123,4.143877317520391,0.8889871553577712
x.npy,z.npy,1,17,3,0,100000,5994,110000,10000,-1,15,uniform,none,False,400,3.5,False,False,216,0.1920185089111328,4.310108582302246,0.881043938362742
x.npy,z.npy,1,17,3,0,100000,5994,110000,10000,-1,15,uniform,none,False,400,3.5,False,False,199,0.18705081939697266,4.23954119780391,0.8825797448480368
x.npy,z.npy,1,17,3,0,100000,5994,110000,10000,-1,15,uniform,none,False,400,3.5,False,False,191,0.28655314445495605,4.297030218331695,0.8939391517822801
x.npy,z.npy,1,17,3,0,100000,5994,110000,10000,-1,15,uniform,none,False,400,3.5,False,False,197,0.3031883239746094,3.910216611245579,0.9032228110251779
x.npy,z.npy,1,17,3,0,100000,5994,110000,10000,-1,15,uniform,none,False,400,3.5,False,False,181,0.2693793773651123,4.24128514224544,0.887552976410491
x.npy,z.npy,1,17,3,0,100000,10525,110000,10000,-1,15,uniform,none,False,400,3.5,False,False,204,0.18252301216125488,3.6592151593257127,0.9160873296205324
x.npy,z.npy,1,17,3,0,100000,10525,110000,10000,-1,15,uniform,none,False,400,3.5,False,False,217,0.23274493217468262,3.570313085084765,0.9205477287282694
x.npy,z.npy,1,17,3,0,100000,10525,110000,10000,-1,15,uniform,none,False,400,3.5,False,False,209,0.24242591857910156,3.6660573497325943,0.9119529288712755
x.npy,z.npy,1,17,3,0,100000,10525,110000,10000,-1,15,uniform,none,False,400,3.5,False,False,211,0.3592498302459717,3.747236632547914,0.9109605167620043
x.npy,z.npy,1,17,3,0,100000,10525,110000,10000,-1,15,uniform,none,False,400,3.5,False,False,209,0.332918643951416,3.4338374999904886,0.9239220034922441
x.npy,z.npy,1,17,3,0,100000,10525,110000,10000,-1,15,uniform,none,False,400,3.5,False,False,213,0.27689385414123535,3.689954591851079,0.9128587992085729
x.npy,z.npy,1,17,3,0,100000,10525,110000,10000,-1,15,uniform,none,False,400,3.5,False,False,197,0.3163762092590332,3.523783313312922,0.9198708303532548
x.npy,z.npy,1,17,3,0,100000,10525,110000,10000,-1,15,uniform,none,False,400,3.5,False,False,219,0.31615567207336426,3.4738804763306748,0.9205388892359553
x.npy,z.npy,1,17,3,0,100000,10525,110000,10000,-1,15,uniform,none,False,400,3.5,False,False,207,0.28492212295532227,3.5816590181935615,0.9157724912324525
x.npy,z.npy,1,17,3,0,100000,10525,110000,10000,-1,15,uniform,none,False,400,3.5,False,False,204,0.2923703193664551,3.4421434627222105,0.922567911072762
x.npy,z.npy,1,17,3,0,100000,18478,110000,10000,-1,15,uniform,none,False,400,3.5,False,False,215,0.2556025981903076,3.239347799407307,0.9299411490356803
x.npy,z.npy,1,17,3,0,100000,18478,110000,10000,-1,15,uniform,none,False,400,3.5,False,False,226,0.267824649810791,3.1500252964085003,0.9351294112298074
x.npy,z.npy,1,17,3,0,100000,18478,110000,10000,-1,15,uniform,none,False,400,3.5,False,False,206,0.29760146141052246,3.4357048331498845,0.9227776022782723
x.npy,z.npy,1,17,3,0,100000,18478,110000,10000,-1,15,uniform,none,False,400,3.5,False,False,222,0.25835323333740234,3.196301317508167,0.9327657075006928
x.npy,z.npy,1,17,3,0,100000,18478,110000,10000,-1,15,uniform,none,False,400,3.5,False,False,215,0.22869205474853516,3.0360250811583254,0.9399137134778175
x.npy,z.npy,1,17,3,0,100000,18478,110000,10000,-1,15,uniform,none,False,400,3.5,False,False,221,0.21375799179077148,3.1913206337020985,0.9318745684098562
x.npy,z.npy,1,17,3,0,100000,18478,110000,10000,-1,15,uniform,none,False,400,3.5,False,False,213,0.2137775421142578,3.266537971436253,0.9290141197457805
x.npy,z.npy,1,17,3,0,100000,18478,110000,10000,-1,15,uniform,none,False,400,3.5,False,False,217,0.37250256538391113,3.139268991513514,0.9342211579825133
x.npy,z.npy,1,17,3,0,100000,18478,110000,10000,-1,15,uniform,none,False,400,3.5,False,False,225,0.25827646255493164,3.239955206303415,0.9302306222681688
x.npy,z.npy,1,17,3,0,100000,18478,110000,10000,-1,15,uniform,none,False,400,3.5,False,False,214,0.3203294277191162,3.179594342953708,0.9346392893591657
x.npy,z.npy,1,17,3,0,100000,32442,110000,10000,-1,15,uniform,none,False,400,3.5,False,False,228,0.47077274322509766,2.9380219357517428,0.9429052707003592
x.npy,z.npy,1,17,3,0,100000,32442,110000,10000,-1,15,uniform,none,False,400,3.5,False,False,216,0.6027414798736572,2.8526479746626068,0.946540257632573
x.npy,z.npy,1,17,3,0,100000,32442,110000,10000,-1,15,uniform,none,False,400,3.5,False,False,229,0.4383411407470703,2.9993698337875685,0.9407650061578979
x.npy,z.npy,1,17,3,0,100000,32442,110000,10000,-1,15,uniform,none,False,400,3.5,False,False,226,0.5989594459533691,2.950647616866743,0.9423346752298283
x.npy,z.npy,1,17,3,0,100000,32442,110000,10000,-1,15,uniform,none,False,400,3.5,False,False,207,0.5209171772003174,2.9856314277540563,0.9407376668529677
x.npy,z.npy,1,17,3,0,100000,32442,110000,10000,-1,15,uniform,none,False,400,3.5,False,False,226,0.41806864738464355,3.05795116724471,0.9381498848368093
x.npy,z.npy,1,17,3,0,100000,32442,110000,10000,-1,15,uniform,none,False,400,3.5,False,False,228,0.3228459358215332,2.998736071721205,0.940165243780687
x.npy,z.npy,1,17,3,0,100000,32442,110000,10000,-1,15,uniform,none,False,400,3.5,False,False,233,0.32719898223876953,3.050425375511308,0.9385343823382148
x.npy,z.npy,1,17,3,0,100000,32442,110000,10000,-1,15,uniform,none,False,400,3.5,False,False,228,0.32616424560546875,3.0469841717037984,0.9382552148037211
x.npy,z.npy,1,17,3,0,100000,32442,110000,10000,-1,15,uniform,none,False,400,3.5,False,False,226,0.28667616844177246,3.0382242652982208,0.9386477253712383
x.npy,z.npy,1,17,3,0,100000,56958,110000,10000,-1,15,uniform,none,False,400,3.5,False,False,231,0.4637336730957031,2.8329926886918173,0.9468678134616806
x.npy,z.npy,1,17,3,0,100000,56958,110000,10000,-1,15,uniform,none,False,400,3.5,False,False,232,0.43277597427368164,2.852371204122805,0.9459748874800453
x.npy,z.npy,1,17,3,0,100000,56958,110000,10000,-1,15,uniform,none,False,400,3.5,False,False,230,0.41858768463134766,2.8408408771514746,0.9465737288821794
x.npy,z.npy,1,17,3,0,100000,56958,110000,10000,-1,15,uniform,none,False,400,3.5,False,False,232,0.48116254806518555,2.831347098571149,0.946780267904164
x.npy,z.npy,1,17,3,0,100000,56958,110000,10000,-1,15,uniform,none,False,400,3.5,False,False,234,0.4170207977294922,2.7779815761236732,0.9489460753856497
x.npy,z.npy,1,17,3,0,100000,56958,110000,10000,-1,15,uniform,none,False,400,3.5,False,False,230,0.4074087142944336,2.906708280693392,0.943785080282318
x.npy,z.npy,1,17,3,0,100000,56958,110000,10000,-1,15,uniform,none,False,400,3.5,False,False,237,0.4869658946990967,2.8014309298290145,0.9480233305741184
x.npy,z.npy,1,17,3,0,100000,56958,110000,10000,-1,15,uniform,none,False,400,3.5,False,False,238,0.4522068500518799,2.903845566959063,0.9439444479435871
x.npy,z.npy,1,17,3,0,100000,56958,110000,10000,-1,15,uniform,none,False,400,3.5,False,False,234,0.4373955726623535,2.9153380383390806,0.9434595702654552
x.npy,z.npy,1,17,3,0,100000,56958,110000,10000,-1,15,uniform,none,False,400,3.5,False,False,227,0.41272974014282227,2.937219086036027,0.9426097923882228
x.npy,z.npy,1,17,3,0,100000,100000,110000,10000,-1,15,uniform,none,False,400,3.5,False,False,235,0.5657429695129395,2.802956511235059,0.9478747713315773
x.npy,z.npy,1,17,3,0,100000,100000,110000,10000,-1,15,uniform,none,False,400,3.5,False,False,235,0.5833690166473389,2.7891046050214583,0.9484070895276933
x.npy,z.npy,1,17,3,0,100000,100000,110000,10000,-1,15,uniform,none,False,400,3.5,False,False,235,0.6309027671813965,2.778984803431763,0.9489176501624105
x.npy,z.npy,1,17,3,0,100000,100000,110000,10000,-1,15,uniform,none,False,400,3.5,False,False,235,0.5820748805999756,2.846098920204113,0.9461872889728318
x.npy,z.npy,1,17,3,0,100000,100000,110000,10000,-1,15,uniform,none,False,400,3.5,False,False,235,0.6125314235687256,2.795690013691206,0.9481482849218703
x.npy,z.npy,1,17,3,0,100000,100000,110000,10000,-1,15,uniform,none,False,400,3.5,False,False,235,0.600278377532959,2.816777675963654,0.9474275154209962
x.npy,z.npy,1,17,3,0,100000,100000,110000,10000,-1,15,uniform,none,False,400,3.5,False,False,235,0.6083419322967529,2.7835314074139332,0.9486777450514003
x.npy,z.npy,1,17,3,0,100000,100000,110000,10000,-1,15,uniform,none,False,400,3.5,False,False,235,0.5806381702423096,2.824715180407906,0.9470112675143139
x.npy,z.npy,1,17,3,0,100000,100000,110000,10000,-1,15,uniform,none,False,400,3.5,False,False,235,0.5984458923339844,2.8114797378764838,0.9476267557922063
x.npy,z.npy,1,17,3,0,100000,100000,110000,10000,-1,15,uniform,none,False,400,3.5,False,False,235,0.5964431762695312,2.7957280454012796,0.9482027788287699
